{"samples":["GSM1332221","GSM1332222","GSM1332223","GSM1332224","GSM1332225","GSM1332226","GSM1332227","GSM1332228","GSM1332229","GSM1332230","GSM1332201","GSM1332202","GSM1332203","GSM1332204","GSM1332205","GSM1332206","GSM1332207","GSM1332208","GSM1332209","GSM1332210"],"groups":["RA","RA","RA","RA","RA","RA","RA","RA","RA","RA","HC","HC","HC","HC","HC","HC","HC","HC","HC","HC"],"types":[1,1,1,1,1,1,1,1,1,1,0,0,0,0,0,0,0,0,0,0],"compare":[0,0,0,0,0,0,0,0,0,0,0,0,0,0,0,0,0,0,0,0],"method":"limma","log":1,"exp_path":"/pub1/data/user_data/18344988772/新GSE55235_GPL96_1_11_1_XML.matrix.txt"}
